USE ProvEventos
GO

BEGIN TRANSACTION


DBCC CHECKIDENT ('TipoEvento', RESEED, 1000);
GO
DBCC CHECKIDENT ('Rol', RESEED, 1000);
GO
DBCC CHECKIDENT ('Servicio', RESEED, 10000);
GO

INSERT INTO TipoEvento VALUES('Fiesta de 15','Fiesta para festejar los 15 años de las mujeres')
GO
INSERT INTO TipoEvento VALUES('Casamiento','Evento de ceremonia religiosa')
GO
INSERT INTO TipoEvento VALUES('Desayuno de trabajo','Reunión informal laboral')
GO
INSERT INTO TipoEvento VALUES('Almuerzo de trabajo','Reunión informal laboral')
GO
INSERT INTO TipoEvento VALUES('Fiesta temática','Fiesta de cumpleaños con un tema')
GO
INSERT INTO TipoEvento VALUES('Despedida','Almuerzo o cena de despedida')
GO
INSERT INTO TipoEvento VALUES('Aniversario','Evento de celebración de aniversario')
GO
INSERT INTO TipoEvento VALUES('Evento empresarial','Reunión empresarial')
GO
INSERT INTO TipoEvento VALUES('Cócteles y brindis','Fiesta de celebración')
GO
INSERT INTO TipoEvento VALUES('Baby shower','Fiesta para festejar el nacimiento de un bebé')
GO
--SELECT * FROM TipoEvento

INSERT INTO Rol VALUES('Proveedor')
GO
INSERT INTO Rol VALUES('Administrador')
GO
--SELECT * FROM Rol

INSERT INTO Usuario VALUES('R2310342','sg3VblG20QliJhBATCTVVPHXpHxIFeeCz41o50WFozHVhUlejX3HPvKOaJvUGBB8FKTUptq81XA8aYmo/Z2d+A==', 1000,'20150509')
GO
INSERT INTO Usuario VALUES('R9202499','sg3VblG20QliJhBATCTVVPHXpHxIFeeCz41o50WFozHVhUlejX3HPvKOaJvUGBB8FKTUptq81XA8aYmo/Z2d+A==', 1000,'20171029')
GO
INSERT INTO Usuario VALUES('R1390114','sg3VblG20QliJhBATCTVVPHXpHxIFeeCz41o50WFozHVhUlejX3HPvKOaJvUGBB8FKTUptq81XA8aYmo/Z2d+A==', 1001,'20120101')
GO
INSERT INTO Usuario VALUES('R9135311','sg3VblG20QliJhBATCTVVPHXpHxIFeeCz41o50WFozHVhUlejX3HPvKOaJvUGBB8FKTUptq81XA8aYmo/Z2d+A==', 1001,'20170806')
GO
INSERT INTO Usuario VALUES('R5925094','sg3VblG20QliJhBATCTVVPHXpHxIFeeCz41o50WFozHVhUlejX3HPvKOaJvUGBB8FKTUptq81XA8aYmo/Z2d+A==', 1000,'20141025')
GO
INSERT INTO Usuario VALUES('R2450054','sg3VblG20QliJhBATCTVVPHXpHxIFeeCz41o50WFozHVhUlejX3HPvKOaJvUGBB8FKTUptq81XA8aYmo/Z2d+A==', 1000,'20160219')
GO
INSERT INTO Usuario VALUES('R1294030','sg3VblG20QliJhBATCTVVPHXpHxIFeeCz41o50WFozHVhUlejX3HPvKOaJvUGBB8FKTUptq81XA8aYmo/Z2d+A==', 1000,'20170702')
GO
INSERT INTO Usuario VALUES('R7476853','sg3VblG20QliJhBATCTVVPHXpHxIFeeCz41o50WFozHVhUlejX3HPvKOaJvUGBB8FKTUptq81XA8aYmo/Z2d+A==', 1001,'20170113')
GO
INSERT INTO Usuario VALUES('R4562968','sg3VblG20QliJhBATCTVVPHXpHxIFeeCz41o50WFozHVhUlejX3HPvKOaJvUGBB8FKTUptq81XA8aYmo/Z2d+A==', 1000,'20150304')
GO
INSERT INTO Usuario VALUES('R4328956','sg3VblG20QliJhBATCTVVPHXpHxIFeeCz41o50WFozHVhUlejX3HPvKOaJvUGBB8FKTUptq81XA8aYmo/Z2d+A==', 1000,'20161121')
GO
INSERT INTO Usuario VALUES('R3563463','sg3VblG20QliJhBATCTVVPHXpHxIFeeCz41o50WFozHVhUlejX3HPvKOaJvUGBB8FKTUptq81XA8aYmo/Z2d+A==', 1000,'20170211')
GO
INSERT INTO Usuario VALUES('R0525223','sg3VblG20QliJhBATCTVVPHXpHxIFeeCz41o50WFozHVhUlejX3HPvKOaJvUGBB8FKTUptq81XA8aYmo/Z2d+A==', 1000,'20161115')
GO
INSERT INTO Usuario VALUES('R5734798','sg3VblG20QliJhBATCTVVPHXpHxIFeeCz41o50WFozHVhUlejX3HPvKOaJvUGBB8FKTUptq81XA8aYmo/Z2d+A==', 1000,'20170409')
GO
--SELECT * FROM Usuario

INSERT INTO Servicio VALUES('Fotografía','Fotógrafo profesional para eventos',NULL)
GO
INSERT INTO Servicio VALUES('Filmación','Equipo de filmación','imagen1.jpg')
GO
INSERT INTO Servicio VALUES('Cotillón','Paquetes de cotillón varios','imagen2.png')
GO
INSERT INTO Servicio VALUES('Catering','Servicios de catering profesional',NULL)
GO
INSERT INTO Servicio VALUES('Grupo musical','Grupo musical en vivo','imagen3.jpg')
GO
INSERT INTO Servicio VALUES('Lunch','Lunch completos para 20 personas',NULL)
GO
INSERT INTO Servicio VALUES('Personal de salón','Mozos y personal de cocina','imagen4.png')
GO
INSERT INTO Servicio VALUES('Sommelier','Sommelier profesional para eventos',NULL)
GO
INSERT INTO Servicio VALUES('Decoración','Grupo de decoradores profesionales','imagen5.jpg')
GO
INSERT INTO Servicio VALUES('Iluminación','Iluminación profesional',NULL)
GO
--SELECT * FROM Servicio

INSERT INTO ServicioTipoEvento VALUES(1000,10000)
GO
INSERT INTO ServicioTipoEvento VALUES(1001,10000)
GO
INSERT INTO ServicioTipoEvento VALUES(1007,10000)
GO
INSERT INTO ServicioTipoEvento VALUES(1000,10001)
GO
INSERT INTO ServicioTipoEvento VALUES(1000,10002)
GO
INSERT INTO ServicioTipoEvento VALUES(1000,10002)
GO
INSERT INTO ServicioTipoEvento VALUES(1002,10003)
GO
INSERT INTO ServicioTipoEvento VALUES(1003,10003)
GO
INSERT INTO ServicioTipoEvento VALUES(1007,10003)
GO
INSERT INTO ServicioTipoEvento VALUES(1001,10004)
GO
INSERT INTO ServicioTipoEvento VALUES(1003,10005)
GO
INSERT INTO ServicioTipoEvento VALUES(1007,10005)
GO
INSERT INTO ServicioTipoEvento VALUES(1000,10006)
GO
INSERT INTO ServicioTipoEvento VALUES(1001,10006)
GO
INSERT INTO ServicioTipoEvento VALUES(1002,10006)
GO
INSERT INTO ServicioTipoEvento VALUES(1003,10006)
GO
INSERT INTO ServicioTipoEvento VALUES(1005,10006)
GO
INSERT INTO ServicioTipoEvento VALUES(1008,10006)
GO
INSERT INTO ServicioTipoEvento VALUES(1004,10008)
GO
INSERT INTO ServicioTipoEvento VALUES(1009,10008)
GO
INSERT INTO ServicioTipoEvento VALUES(1000,10009)
GO
INSERT INTO ServicioTipoEvento VALUES(1004,10009)
GO
INSERT INTO ServicioTipoEvento VALUES(1008,10009)
GO
--SELECT * FROM ServicioTipoEvento

INSERT INTO Proveedor VALUES('R2310342','ACCE LTDA','acceprov@outlook.com',1)
GO
INSERT INTO Proveedor VALUES('R9202499','COVISA','covisa@outlook.com',0)
GO
INSERT INTO Proveedor VALUES('R5925094','DITEM','ditem@gmail.com',1)
GO
INSERT INTO Proveedor VALUES('R2450054','EIPM','eipm@outlook.com',1)
GO
INSERT INTO Proveedor VALUES('R1294030','GSA SA','gsaprov@outlook.com',0)
GO
INSERT INTO Proveedor VALUES('R4562968','OPZION SA','opzionsa@yahoo.com',1)
GO
INSERT INTO Proveedor VALUES('R4328956','SUMATEC','sumatec@hotmail.com',1)
GO
INSERT INTO Proveedor VALUES('R3563463','VITEL','vitel@gmail.com',0)
GO
INSERT INTO Proveedor VALUES('R0525223','WENCO S.A','wenco@gmail.com',0)
GO
INSERT INTO Proveedor VALUES('R5734798','ROMACO','romacoltda@outlook.com',1)
GO
--SELECT * FROM Proveedor

INSERT INTO ProveedorVIP VALUES('R2310342',15.0)
GO
INSERT INTO ProveedorVIP VALUES('R9202499',15.0)
GO
INSERT INTO ProveedorVIP VALUES('R5925094',15.0)
GO
INSERT INTO ProveedorVIP VALUES('R2450054',15.0)
GO
INSERT INTO ProveedorVIP VALUES('R1294030',15.0)
GO
--SELECT * FROM ProveedorVIP

INSERT INTO ProveedorServicio VALUES('R2310342',10000,1)
GO
INSERT INTO ProveedorServicio VALUES('R9202499',10001,0)
GO
INSERT INTO ProveedorServicio VALUES('R5925094',10002,1)
GO
INSERT INTO ProveedorServicio VALUES('R2450054',10003,1)
GO
INSERT INTO ProveedorServicio VALUES('R1294030',10004,0)
GO
INSERT INTO ProveedorServicio VALUES('R4562968',10005,1)
GO
INSERT INTO ProveedorServicio VALUES('R4328956',10006,1)
GO
INSERT INTO ProveedorServicio VALUES('R3563463',10007,0)
GO
INSERT INTO ProveedorServicio VALUES('R0525223',10008,0)
GO
INSERT INTO ProveedorServicio VALUES('R5734798',10009,1)
GO
--SELECT * FROM ProveedorServicio

INSERT INTO TelefonoProveedor VALUES('R2310342','099262189')
GO
INSERT INTO TelefonoProveedor VALUES('R9202499','099189184')
GO
INSERT INTO TelefonoProveedor VALUES('R5925094','098498451')
GO
INSERT INTO TelefonoProveedor VALUES('R2450054','099589126')
GO
INSERT INTO TelefonoProveedor VALUES('R1294030','098198712')
GO
INSERT INTO TelefonoProveedor VALUES('R4562968','099489494')
GO
INSERT INTO TelefonoProveedor VALUES('R4328956','098198778')
GO
INSERT INTO TelefonoProveedor VALUES('R3563463','099135181')
GO
INSERT INTO TelefonoProveedor VALUES('R0525223','098979988')
GO
INSERT INTO TelefonoProveedor VALUES('R5734798','099468455')
GO
--SELECT * FROM TelefonoProveedor

--ROLLBACK TRANSACTION
--COMMIT TRANSACTION	
